name;addressZip
TOLA SALES GROUP;78229
FOUNDATION CORRECTIONS INC;94002
DWIGHT HARRISON VW;30078
DIRECTV;38006
SAINT PAUL RADIOLOGY;55109
PIZZA HUT;44667
LINDA GROUP USA LLC;33178
DIAMOND BLUE POOL SERVICE;33316
PREMIERE MORTGAGE CAPITAL;28031
BOSTON STUDIO INC;02119
A G M DESIGNS;77521
NXP SEMICONDUCTOR INC;48377
JEFFREY ROBERTS H;35640
RINCON MUSICAL;07087
AAA MOVING & STORAGE;28037
SWIFT CONSTRUCTION;45056
EPICBOARDSHOP;84101
BEAR ZOO LLC;78258
US POST OFFICE;57761
MIDNIGHT FRIENDS LLC;19422
FIG TREE MANOR BED BREAKFAST;75801
PONDEROSA SEPTIC & GREASE;78363
TIM DIEBALL;53115
MEMDEES RESTAURANT;19143
EPICBOARDSHOP BRANCH;
SNELLING & SNELLING;65804
BISON SECURITY CO INC;14609
HENRIETTA TRANSPORT;60606
FISCHER GROUP THE FISCHER HMS;45140
JCF INTERNATIONAL AIRCRAFT;60046
LEWISGALE INTERNAL MEDICINE;24073
BRYANT FAMILY & COSMETIC DENTISTRY;29651
JAMES AND KELSEN;95338
ODELLA'S ANTIQUES & NOSTALGIA;95338
ALL UNDER ONE ROOF;1841
TIM DIEBALL;53113
VANDYKE JACQUELINE L;45701
WALDININ TUBURSKY INC;45701
FOUNTAIN HILLS MEDICAL CLINIC;85268
JEFFREY S BENSON PAINTING;34120
CAMPUS DRY CLEANING;44074
JOHN ALDEN LIFE INSURANCE CO;77042
R & G FISH LLC;77979
REDBOX;17602