name;addressZip;website
TOLA SALES GROUP;78229;http://repsources.com
CRICKET WIRELESS AUTHORIZED RETAILER;77009;https://www.cricketwireless.com
SAINT PAUL RADIOLOGY;55109;http://stpaulradiology.com
PIZZA HUT;44667;https://www.pizzahut.com
ABSOLUTE SEX;44276;http://falklandnews.com
DAVYDOV MEMORIAL GROUP;11379;http://memorials.pro
NXP SEMICONDUCTOR INC;48377;http://freescale.com
SILENT PARTNER PI;30326;https://silentpartnerpi.com
TEA WORLD;32780;http://teaworldone.com
EPICBOARDSHOP;84101;http://epicboardshop.com
GRACE EVANGELICAL LUTHERAN CHR;06457;http://gracemiddletown.org
US POST OFFICE;57761;http://usps.com
FIG TREE MANOR BED BREAKFAST;75801;http://figtreemanor.com
PONDEROSA SEPTIC & GREASE;78363;http://ponderosaseptichvac.com
TIM DIEBALL;53115;http://motorsport-coatings.com
ALL UNDER ONE ROOF;01841;http://allunderoneroof.info
SNELLING & SNELLING;65804;http://snellingandsnelling.com
ADVANTEK TAPING SYSTEMS;83705;http://advantek.com
JCF INTERNATIONAL AIRCRAFT;60046;http://jcfinternational.com
LAWHORN & ASSOC INSURANCE;37412;http://lawhorncarinsurance.com
VANDYKE JACQUELINE L;45701;http://www.performancesignsofathens.com
ST JOHN PROVIDENCE HEALTH SYST;48021;http://www.stjohnprovidence.org
REDBOX;17602;http://www.redbox.com/locations/pennsylvania/lancaster/17602/16738